{"cameraMode":{"drawMode":0,"name":"Shaded","section":"Shading Mode"},"sceneLighting":true,"audioPlay":false,"sceneViewState":{"m_AlwaysRefresh":false,"showFog":true,"showSkybox":true,"showFlares":true,"showImageEffects":true,"showParticleSystems":true,"showVisualEffectGraphs":true,"m_FxEnabled":false},"in2DMode":false,"pivot":{"x":0.0020952224731445314,"y":11.169828414916993,"z":9.588862419128418},"rotation":{"x":0.06441019475460053,"y":-0.8584365248680115,"z":0.11135691404342652,"w":0.4965337812900543},"size":5.036550045013428,"orthographic":false}